STATE,CONSTITUENCY,TOTAL VOTERS,VOTING PCT,TOTAL VOTES POLLED
ANDAMAN & NICOBAR ISLANDS,ANDAMAN & NICOBAR ISLANDS,318471,0.65123041,207397
ANDHRA PRADESH,AMALAPURAM,1459556,0.846399864,1235367
ANDHRA PRADESH,ANAKAPALLI,1521363,0.815358333,1240455
ANDHRA PRADESH,ANANTAPUR,1664160,0.810086771,1348114
ANDHRA PRADESH,ARUKU,1451418,0.742883856,1078234
ANDHRA PRADESH,BAPATLA,1468671,0.864726001,1269997
ANDHRA PRADESH,CHITTOOR,1566499,0.842410369,1319634
ANDHRA PRADESH,ELURU,1594950,0.835267563,1332210
ANDHRA PRADESH,GUNTUR,1706119,0.792164556,1351526
ANDHRA PRADESH,HINDUPUR,1578218,0.849075983,1340026
ANDHRA PRADESH,KADAPA,1570330,0.786807232,1235547
ANDHRA PRADESH,KAKINADA,1563930,0.790837186,1236814
ANDHRA PRADESH,KURNOOL,1573009,0.756939089,1190671
ANDHRA PRADESH,MACHILIPATNAM,1473347,0.845389443,1245552
ANDHRA PRADESH,NANDYAL,1603220,0.810734023,1299785
ANDHRA PRADESH,NARASARAOPET,1670391,0.862511831,1440732
ANDHRA PRADESH,NARSAPURAM,1439691,0.819038252,1179162
ANDHRA PRADESH,NELLORE,1672845,0.770639838,1289160
ANDHRA PRADESH,ONGOLE,1556469,0.863494872,1344003
ANDHRA PRADESH,RAJAHMUNDRY,1534256,0.815045208,1250488
ANDHRA PRADESH,RAJAMPET,1546938,0.792631638,1226152
ANDHRA PRADESH,SRIKAKULAM,1553860,0.749286294,1164286
ANDHRA PRADESH,TIRUPATI,1650453,0.797643435,1316472
ANDHRA PRADESH,VIJAYAWADA,1652994,0.773006436,1277774
ANDHRA PRADESH,VISAKHAPATNAM,1829300,0.677811731,1239920
ANDHRA PRADESH,VIZIANAGARAM,1503980,0.812798707,1222432
ARUNACHAL PRADESH,ARUNACHAL EAST,339788,0.870304425,295719
ARUNACHAL PRADESH,ARUNACHAL WEST,463775,0.784964692,364046
ASSAM,AUTONOMOUS DISTRICT,795945,0.776257153,617857
ASSAM,BARPETA,1685149,0.865684874,1458807
ASSAM,DHUBRI,1858566,0.906644155,1685057
ASSAM,DIBRUGARH,1314319,0.773017814,1015991
ASSAM,GAUHATI,2181319,0.808662098,1763950
ASSAM,JORHAT,1365035,0.775672419,1058819
ASSAM,KALIABOR,1734938,0.82123684,1424794
ASSAM,KARIMGANJ,1340173,0.791808222,1061160
ASSAM,KOKRAJHAR,1776358,0.833021272,1479743
ASSAM,LAKHIMPUR,1708013,0.751721445,1283950
ASSAM,MANGALDOI,1800237,0.836789267,1506419
ASSAM,NOWGONG,1794648,0.832265714,1493623
ASSAM,SILCHAR,1195720,0.795077443,950690
ASSAM,TEZPUR,1499639,0.794781277,1191884
BIHAR,ARARIA,1805439,0.647898378,1169740
BIHAR,ARRAH,2089353,0.518085742,1082463
BIHAR,AURANGABAD (BIH),1742883,0.536736545,935469
BIHAR,BANKA,1699394,0.586008895,995859
BIHAR,BEGUSARAI,1958382,0.62628384,1226503
BIHAR,BHAGALPUR,1823820,0.571976401,1043182
BIHAR,BUXAR,1829373,0.539508345,986961
BIHAR,DARBHANGA,1654811,0.583456358,965509
BIHAR,GAYA,1704596,0.561807021,957654
BIHAR,GOPALGANJ,1839514,0.557786459,1026055
BIHAR,HAJIPUR,1823664,0.552557927,1007679
BIHAR,JAHANABAD,1588454,0.517630979,822232
BIHAR,JAMUI,1718814,0.552451283,949561
BIHAR,JHANJHARPUR,1852417,0.573516114,1062390
BIHAR,KARAKAT,1771254,0.490921121,869545
BIHAR,KATIHAR,1653353,0.67637643,1118289
BIHAR,KHAGARIA,1676454,0.577057885,967411
BIHAR,KISHANGANJ,1659651,0.663787748,1101655
BIHAR,MADHEPURA,1884883,0.608871744,1147651
BIHAR,MADHUBANI,1792798,0.538100779,964706
BIHAR,MAHARAJGANJ (BIH),1807768,0.538226697,972988
BIHAR,MUNGER,1888025,0.548955125,1036440
BIHAR,MUZAFFARPUR,1730553,0.611658239,1058506
BIHAR,NALANDA,2114809,0.487927751,1031874
BIHAR,NAWADA,1899747,0.497272005,944691
BIHAR,PASCHIM CHAMPARAN,1633824,0.620246122,1013373
BIHAR,PATALIPUTRA,1925479,0.560280844,1078808
BIHAR,PATNA SAHIB,2146008,0.458031377,982938
BIHAR,PURNIA,1765312,0.653702575,1153988
BIHAR,PURVI CHAMPARAN,1658672,0.602973342,1000134
BIHAR,SAMASTIPUR,1679030,0.607357224,1019770
BIHAR,SARAN,1667253,0.565969892,943615
BIHAR,SASARAM (SC),1787878,0.545661952,975576
BIHAR,SHEOHAR,1686215,0.595966113,1004927
BIHAR,SITAMARHI,1752454,0.593225272,1039599
BIHAR,SIWAN,1799551,0.547275404,984850
BIHAR,SUPAUL,1690620,0.657152997,1110995
BIHAR,UJIARPUR,1612300,0.601539416,969861
BIHAR,VAISHALI,1735983,0.619102261,1074751
BIHAR,VALMIKI NAGAR,1665502,0.619771697,1032231
CHANDIGARH,CHANDIGARH,646729,0.706071631,456637
CHHATTISGARH,BASTAR,1379122,0.662567199,913761
CHHATTISGARH,BILASPUR,1876953,0.644800909,1210260
CHHATTISGARH,DURG,1940269,0.717796862,1392718
CHHATTISGARH,JANJGIR-CHAMPA,1897134,0.658084247,1248473
CHHATTISGARH,KANKER,1558952,0.744245493,1160242
CHHATTISGARH,KORBA,1508840,0.753839373,1137423
CHHATTISGARH,MAHASAMUND,1637951,0.746522332,1222767
CHHATTISGARH,RAIGARH,1733805,0.779061659,1350740
CHHATTISGARH,RAIPUR,2111738,0.661607643,1397142
CHHATTISGARH,RAJNANDGAON,1716459,0.761962855,1307877
CHHATTISGARH,SURGUJA,1655239,0.774036861,1281216
DADRA & NAGAR HAVELI,DADRA AND NAGAR HAVELI,250029,0.795843682,198983
DAMAN & DIU,DAMAN & DIU,121740,0.718523082,87473
GOA,NORTH GOA,556761,0.770538885,429005
GOA,SOUTH GOA,579352,0.733091454,424718
GUJARAT,AHMEDABAD EAST,1811851,0.617635777,1119064
GUJARAT,AHMEDABAD WEST,1643317,0.608058579,999233
GUJARAT,AMRELI,1628451,0.559699371,911442
GUJARAT,ANAND,1655870,0.670393207,1110084
GUJARAT,BANASKANTHA,1697384,0.650258869,1103738
GUJARAT,BARDOLI,1826526,0.738913653,1349644
GUJARAT,BHARUCH,1564519,0.735470774,1150657
GUJARAT,BHAVNAGAR,1768297,0.590535413,1044242
GUJARAT,CHHOTA UDAIPUR,1671253,0.738999421,1235054
GUJARAT,DAHOD,1598939,0.665685808,1064390
GUJARAT,GANDHINAGAR,1945772,0.660830765,1285825
GUJARAT,JAMNAGAR,1657166,0.610348631,1011449
GUJARAT,JUNAGADH,1642864,0.613107354,1007252
GUJARAT,KACHCHH,1744321,0.587135051,1024152
GUJARAT,KHEDA,1804028,0.610396845,1101173
GUJARAT,MAHESANA,1648869,0.657830913,1084676
GUJARAT,NAVSARI,1971658,0.66402794,1309236
GUJARAT,PANCHMAHAL,1744762,0.622272837,1085718
GUJARAT,PATAN,1807043,0.62445498,1128416
GUJARAT,PORBANDAR,1662368,0.572139863,951107
GUJARAT,RAJKOT,1884339,0.634864533,1196299
GUJARAT,SABARKANTHA,1801717,0.677674685,1220977
GUJARAT,SURAT,1655704,0.645799612,1069253
GUJARAT,SURENDRANAGAR,1849429,0.584071624,1080199
GUJARAT,VADODARA,1794896,0.681771534,1223709
GUJARAT,VALSAD,1671030,0.754842223,1261364
HARYANA,AMBALA,1853711,0.710964115,1317922
HARYANA,BHIWANI-MAHENDRAGARH,1654317,0.704765774,1165906
HARYANA,FARIDABAD,2071816,0.641044861,1328126
HARYANA,GURGAON,2150728,0.673307364,1448101
HARYANA,HISAR,1631817,0.724271165,1181877
HARYANA,KARNAL,1904193,0.683477988,1301474
HARYANA,KURUKSHETRA,1657335,0.742858263,1231164
HARYANA,ROHTAK,1737133,0.705181469,1224994
HARYANA,SIRSA,1803349,0.759872881,1370315
HARYANA,SONIPAT,1592611,0.710246256,1131146
HIMACHAL PRADESH,HAMIRPUR (HP),1362269,0.728260718,992086
HIMACHAL PRADESH,KANGRA,1427338,0.707299883,1009555
HIMACHAL PRADESH,MANDI,1281462,0.735993732,943148
HIMACHAL PRADESH,SHIMLA,1259085,0.726836552,915148
JAMMU & KASHMIR,ANANTNAG,1397779,0.089760255,125465
JAMMU & KASHMIR,BARAMULLA,1317738,0.346046786,455999
JAMMU & KASHMIR,JAMMU,2047302,0.72504545,1484387
JAMMU & KASHMIR,LADAKH,179232,0.710531602,127350
JAMMU & KASHMIR,SRINAGAR,1294671,0.144332421,186863
JAMMU & KASHMIR,UDHAMPUR,1685816,0.7015475,1182679
JHARKHAND,CHATRA,1425218,0.649694292,925956
JHARKHAND,DHANBAD,2072634,0.604672605,1253265
JHARKHAND,DUMKA,1397253,0.734284342,1025980
JHARKHAND,GIRIDIH,1649413,0.671242436,1107156
JHARKHAND,GODDA,1716766,0.695693531,1194342
JHARKHAND,HAZARIBAGH,1667465,0.64851856,1081381
JHARKHAND,JAMSHEDPUR,1703279,0.671896383,1144426
JHARKHAND,KHUNTI,1202664,0.692491003,832833
JHARKHAND,KODARMA,1814125,0.66680135,1209660
JHARKHAND,LOHARDAGA,1234286,0.663028666,818367
JHARKHAND,PALAMU,1881441,0.643350496,1210425
JHARKHAND,RAJMAHAL,1454436,0.720453151,1047852
JHARKHAND,RANCHI,1915959,0.644906285,1235614
JHARKHAND,SINGHBHUM,1269917,0.692577546,879516
KARNATAKA,BAGALKOT,1704010,0.706980593,1204702
KARNATAKA,BANGALORE CENTRAL,2204817,0.54321379,1197686
KARNATAKA,BANGALORE NORTH,2849250,0.547626217,1560324
KARNATAKA,BANGALORE RURAL,2497458,0.649790307,1622824
KARNATAKA,BANGALORE SOUTH,2215489,0.53697265,1189656
KARNATAKA,BELGAUM,1779350,0.6784174,1207142
KARNATAKA,BELLARY,1751734,0.697585935,1221985
KARNATAKA,BIDAR,1775095,0.6299691,1118254
KARNATAKA,BIJAPUR,1797587,0.618881311,1112492
KARNATAKA,CHAMARAJANAGAR,1686333,0.753543339,1270725
KARNATAKA,CHIKKBALLAPUR,1808780,0.767360873,1387987
KARNATAKA,CHIKKODI,1612556,0.756242264,1219483
KARNATAKA,CHITRADURGA,1760633,0.707987411,1246506
KARNATAKA,DAKSHINA KANNADA,1724976,0.779922155,1345346
KARNATAKA,DAVANAGERE,1633064,0.731891096,1195225
KARNATAKA,DHARWAD,1727311,0.702906425,1214138
KARNATAKA,GULBARGA,1945765,0.611826711,1190470
KARNATAKA,HASSAN,1652999,0.773535253,1278652
KARNATAKA,HAVERI,1708510,0.742101597,1267888
KARNATAKA,KOLAR,1629961,0.772468176,1259093
KARNATAKA,KOPPAL,1736693,0.68557137,1190626
KARNATAKA,MANDYA,1712004,0.805852089,1379621
KARNATAKA,MYSORE,1896333,0.695079925,1318102
KARNATAKA,RAICHUR,1928204,0.583424783,1124961
KARNATAKA,SHIMOGA,1676668,0.76584452,1284066
KARNATAKA,TUMKUR,1608545,0.77428297,1245468
KARNATAKA,UDUPI CHIKMAGALUR,1513806,0.760746754,1151623
KARNATAKA,UTTARA KANNADA,1556599,0.741610396,1154390
KERALA,ALAPPUZHA,1356701,0.803502025,1090112
KERALA,ALATHUR,1266794,0.804689634,1019375
KERALA,ATTINGAL,1350710,0.744829016,1006048
KERALA,CHALAKUDY,1230197,0.805101134,990432
KERALA,ERNAKULAM,1245972,0.776413916,967390
KERALA,IDUKKI,1204191,0.763632181,919559
KERALA,KANNUR,1266550,0.832770913,1054745
KERALA,KASARAGOD,1363937,0.806561447,1100099
KERALA,KOLLAM,1296720,0.747283145,969017
KERALA,KOTTAYAM,1206698,0.754661067,910647
KERALA,KOZHIKODE,1318024,0.817042785,1076882
KERALA,MALAPPURAM,1370544,0.755027931,1034799
KERALA,MAVELIKKARA,1308102,0.743336529,972359
KERALA,PALAKKAD,1323010,0.777676662,1028873
KERALA,PATHANAMTHITTA,1382741,0.743001039,1027378
KERALA,PONNANI,1356803,0.749825877,1017365
KERALA,THIRUVANANTHAPURAM,1371427,0.737383762,1011267
KERALA,THRISSUR,1337110,0.779383895,1042121
KERALA,VADAKARA,1288926,0.826992395,1065931
KERALA,WAYANAD,1359679,0.803688959,1092759
LAKSHADWEEP,LAKSHADWEEP,55189,0.85209009,47025
MADHYA PRADESH,BALAGHAT,1767725,0.776551783,1372729
MADHYA PRADESH,BETUL,1737437,0.781804463,1358336
MADHYA PRADESH,BHIND,1765334,0.545345527,962716
MADHYA PRADESH,BHOPAL,2142861,0.657377683,1408668
MADHYA PRADESH,CHHINDWARA,1514783,0.824195941,1248477
MADHYA PRADESH,DAMOH,1768777,0.658310799,1164404
MADHYA PRADESH,DEWAS,1760503,0.795054595,1399696
MADHYA PRADESH,DHAR,1786151,0.752553395,1344173
MADHYA PRADESH,GUNA,1675724,0.703401634,1178707
MADHYA PRADESH,GWALIOR,2000744,0.598221462,1196888
MADHYA PRADESH,HOSHANGABAD,1706141,0.742203605,1266304
MADHYA PRADESH,INDORE,2350580,0.693273575,1629595
MADHYA PRADESH,JABALPUR,1819893,0.694579297,1264060
MADHYA PRADESH,KHAJURAHO,1842095,0.683089634,1258316
MADHYA PRADESH,KHANDWA,1909055,0.769048561,1468156
MADHYA PRADESH,KHARGONE,1834385,0.778463627,1428002
MADHYA PRADESH,MANDLA,1951267,0.777920705,1517930
MADHYA PRADESH,MANDSOUR,1760875,0.778894016,1371534
MADHYA PRADESH,MORENA,1837723,0.619643983,1138733
MADHYA PRADESH,RAJGARH,1694329,0.744206113,1260929
MADHYA PRADESH,RATLAM,1851112,0.757023346,1401334
MADHYA PRADESH,REWA,1679534,0.604115189,1014631
MADHYA PRADESH,SAGAR,1583129,0.655370472,1037535
MADHYA PRADESH,SATNA,1575064,0.707117298,1113754
MADHYA PRADESH,SHAHDOL,1656474,0.747664014,1238485
MADHYA PRADESH,SIDHI,1845547,0.695027003,1282705
MADHYA PRADESH,TIKAMGARH,1647399,0.666173768,1097454
MADHYA PRADESH,UJJAIN,1661229,0.754298775,1253062
MADHYA PRADESH,VIDISHA,1741604,0.718310821,1251012
MAHARASHTRA,AHMADNAGAR,1861396,0.647949174,1206089
MAHARASHTRA,AKOLA,1865169,0.600580966,1120185
MAHARASHTRA,AMRAVATI,1833091,0.6076365,1113853
MAHARASHTRA,AURANGABAD (MAH),1886284,0.635496564,1198727
MAHARASHTRA,BARAMATI,2114663,0.618215763,1307318
MAHARASHTRA,BEED,2045405,0.661698783,1353441
MAHARASHTRA,BHANDARA - GONDIYA,1811556,0.688106247,1246543
MAHARASHTRA,BHIWANDI,1890100,0.532037987,1005604
MAHARASHTRA,BULDHANA,1762918,0.635963216,1121151
MAHARASHTRA,CHANDRAPUR,1910188,0.648881681,1239486
MAHARASHTRA,DHULE,1908173,0.570481817,1088577
MAHARASHTRA,DINDORI,1732936,0.657094088,1138701
MAHARASHTRA,GADCHIROLI-CHIMUR,1581366,0.723256981,1143733
MAHARASHTRA,HATKANANGLE,1776555,0.706036683,1254312
MAHARASHTRA,HINGOLI,1733729,0.668366856,1158767
MAHARASHTRA,JALGAON,1931400,0.565541576,1092287
MAHARASHTRA,JALNA,1867220,0.647538051,1209095
MAHARASHTRA,KALYAN,1965676,0.453122488,890692
MAHARASHTRA,KOLHAPUR,1880496,0.708591776,1332504
MAHARASHTRA,LATUR,1886657,0.624431998,1178088
MAHARASHTRA,MADHA,1909574,0.637745906,1217823
MAHARASHTRA,MAVAL,2298080,0.59591311,1369455
MAHARASHTRA,MUMBAI NORTH,1647350,0.600942119,989961
MAHARASHTRA,MUMBAI NORTH CENTRAL,1679891,0.536818758,901797
MAHARASHTRA,MUMBAI NORTH EAST,1588693,0.572282373,909180
MAHARASHTRA,MUMBAI NORTH WEST,1732263,0.543699773,941830
MAHARASHTRA,MUMBAI SOUTH,1554176,0.515899744,801799
MAHARASHTRA,MUMBAI SOUTH CENTRAL,1440380,0.553953123,797902
MAHARASHTRA,NAGPUR,2161096,0.549357826,1187215
MAHARASHTRA,NANDED,1719322,0.656922903,1129462
MAHARASHTRA,NANDURBAR,1871099,0.686519527,1284546
MAHARASHTRA,NASHIK,1885064,0.59525406,1122091
MAHARASHTRA,OSMANABAD,1889740,0.637564956,1204832
MAHARASHTRA,PALGHAR,1885600,0.637567353,1202196
MAHARASHTRA,PARBHANI,1985228,0.631208103,1253091
MAHARASHTRA,PUNE,2075824,0.498912239,1035653
MAHARASHTRA,RAIGAD,1652965,0.621660471,1027582
MAHARASHTRA,RAMTEK,1922764,0.622959968,1197805
MAHARASHTRA,RATNAGIRI - SINDHUDURG,1455577,0.619929416,902354
MAHARASHTRA,RAVER,1775051,0.617734927,1096510
MAHARASHTRA,SANGLI,1809109,0.659203509,1192571
MAHARASHTRA,SATARA,1848489,0.604686855,1117757
MAHARASHTRA,SHIRDI,1587079,0.649307312,1030502
MAHARASHTRA,SHIRUR,2175529,0.594409452,1293155
MAHARASHTRA,SOLAPUR,1851654,0.586688442,1086344
MAHARASHTRA,THANE,2370903,0.49389199,1170970
MAHARASHTRA,WARDHA,1743283,0.615308587,1072656
MAHARASHTRA,YAVATMAL-WASHIM,1916185,0.613105728,1174823
MANIPUR,INNER MANIPUR,937464,0.811184216,760455
MANIPUR,OUTER MANIPUR,1022099,0.841400882,859994
MEGHALAYA,SHILLONG,1197806,0.654762958,784278
MEGHALAYA,TURA,716990,0.813790987,583480
MIZORAM,MIZORAM,792464,0.631381362,500346
NAGALAND,NAGALAND,1213777,0.830001722,1007436
NCT OF DELHI,CHANDNI CHOWK,1562283,0.62780815,980814
NCT OF DELHI,EAST DELHI,2039302,0.616973357,1258194
NCT OF DELHI,NEW DELHI,1617470,0.569140077,920566
NCT OF DELHI,NORTH EAST DELHI,2290492,0.638625675,1462767
NCT OF DELHI,NORTH WEST DELHI,2378995,0.589738944,1402986
NCT OF DELHI,SOUTH DELHI,2067463,0.587456704,1214545
NCT OF DELHI,WEST DELHI,2371644,0.608224506,1442491
ODISHA,ASKA,1541145,0.657880991,1013890
ODISHA,BALASORE,1531781,0.756867333,1159354
ODISHA,BARGARH,1596290,0.78374105,1251077
ODISHA,BERHAMPUR,1502455,0.65897947,990086
ODISHA,BHADRAK,1661661,0.739047254,1228045
ODISHA,BHUBANESWAR,1699678,0.591655596,1005624
ODISHA,BOLANGIR,1744446,0.749088249,1306744
ODISHA,CUTTACK,1518996,0.698131529,1060459
ODISHA,DHENKANAL,1504403,0.753264252,1133213
ODISHA,JAGATSINGHPUR,1643595,0.748254284,1229827
ODISHA,JAJPUR,1475007,0.740989704,1092965
ODISHA,KALAHANDI,1611056,0.764051032,1230928
ODISHA,KANDHAMAL,1288666,0.731020295,942041
ODISHA,KENDRAPARA,1710916,0.723850849,1238448
ODISHA,KEONJHAR,1516688,0.775689529,1176478
ODISHA,KORAPUT,1434384,0.753402855,1080669
ODISHA,MAYURBHANJ,1493205,0.771289274,1151692
ODISHA,NABARANGPUR,1461004,0.795197686,1161786
ODISHA,PURI,1562331,0.727198014,1136123
ODISHA,SAMBALPUR,1468530,0.767203939,1126661
ODISHA,SUNDARGARH,1531525,0.718923295,1101049
PUDUCHERRY,PUDUCHERRY,973410,0.812499358,790895
PUNJAB,AMRITSAR,1507875,0.570725027,860582
PUNJAB,ANANDPUR SAHIB,1698876,0.636905813,1082023
PUNJAB,BATHINDA,1621671,0.741576436,1202592
PUNJAB,FARIDKOT,1541971,0.632464553,975241
PUNJAB,FATEHGARH SAHIB,1502861,0.656854493,987161
PUNJAB,FIROZPUR,1618419,0.724658448,1172801
PUNJAB,GURDASPUR,1595284,0.692382046,1104546
PUNJAB,HOSHIARPUR,1597500,0.620760563,991664
PUNJAB,JALANDHAR,1617018,0.630421554,1019403
PUNJAB,KHADOOR SAHIB,1638842,0.639567451,1048150
PUNJAB,LUDHIANA,1683325,0.621998129,1047024
PUNJAB,PATIALA,1739600,0.677654058,1178846
PUNJAB,SANGRUR,1529431,0.723965972,1107255
RAJASTHAN,AJMER,1876346,0.673247898,1263245
RAJASTHAN,ALWAR,1888524,0.671676399,1268476
RAJASTHAN,BANSWARA,1975368,0.729033274,1440109
RAJASTHAN,BARMER,1941231,0.732975622,1422875
RAJASTHAN,BHARATPUR,1943794,0.591097102,1148970
RAJASTHAN,BHILWARA,1997328,0.656382427,1311011
RAJASTHAN,BIKANER,1851628,0.594341844,1100499
RAJASTHAN,CHITTORGARH,2015911,0.723874219,1459265
RAJASTHAN,CHURU,2019104,0.659040842,1330672
RAJASTHAN,DAUSA,1730289,0.614971256,1064078
RAJASTHAN,GANGANAGAR,1943486,0.747669394,1453085
RAJASTHAN,JAIPUR,2127021,0.684763338,1456506
RAJASTHAN,JAIPUR RURAL,1952542,0.655385134,1279667
RAJASTHAN,JALORE,2071244,0.657395749,1361626
RAJASTHAN,JHALAWAR-BARAN,1903870,0.719595876,1370016
RAJASTHAN,JHUNJHUNU,1937882,0.621143083,1203701
RAJASTHAN,JODHPUR,1956755,0.688861406,1347932
RAJASTHAN,KARAULI-DHOLPUR,1810574,0.551830524,999129
RAJASTHAN,KOTA,1948010,0.702218161,1367927
RAJASTHAN,NAGAUR,1933169,0.623211421,1204773
RAJASTHAN,PALI,2161663,0.629846095,1361514
RAJASTHAN,RAJSAMAND,1912911,0.648670011,1240847
RAJASTHAN,SIKAR,2041612,0.651769778,1330661
RAJASTHAN,TONK-SAWAI MADHOPUR,1945992,0.634363862,1234467
RAJASTHAN,UDAIPUR,2069559,0.703249823,1455416
SIKKIM,SIKKIM,434128,0.814080179,353415
TAMIL NADU,ARAKKONAM,1500016,0.786466278,1179711
TAMIL NADU,ARANI,1449150,0.79006107,1144917
TAMIL NADU,CHENNAI CENTRAL,1332300,0.589774826,785757
TAMIL NADU,CHENNAI NORTH,1487681,0.642564501,955931
TAMIL NADU,CHENNAI SOUTH,1973533,0.570723165,1126340
TAMIL NADU,CHIDAMBARAM,1480222,0.77978641,1154257
TAMIL NADU,COIMBATORE,1958904,0.638586169,1250929
TAMIL NADU,CUDDALORE,1364038,0.764920039,1043379
TAMIL NADU,DHARMAPURI,1485804,0.824109371,1224464
TAMIL NADU,DINDIGUL,1541881,0.752931647,1160931
TAMIL NADU,ERODE,1462246,0.731069191,1069003
TAMIL NADU,KALLAKURICHI,1528938,0.78808624,1204934
TAMIL NADU,KANCHEEPURAM,1643992,0.753141135,1238158
TAMIL NADU,KANNIYAKUMARI,1501250,0.69903547,1049426
TAMIL NADU,KARUR,1387286,0.79554252,1103645
TAMIL NADU,KRISHNAGIRI,1530404,0.75945502,1162273
TAMIL NADU,MADURAI,1539026,0.660886821,1017121
TAMIL NADU,MAYILADUTHURAI,1484842,0.739324453,1097779
TAMIL NADU,NAGAPATTINAM,1303649,0.769317508,1002919
TAMIL NADU,NAMAKKAL,1413599,0.80219638,1133983
TAMIL NADU,NILGIRIS,1366060,0.740120492,1011048
TAMIL NADU,PERAMBALUR,1391853,0.7925837,1103159
TAMIL NADU,POLLACHI,1520504,0.711532492,1081888
TAMIL NADU,RAMANATHAPURAM,1559740,0.684039007,1066923
TAMIL NADU,SALEM,1612512,0.779113582,1256330
TAMIL NADU,SIVAGANGA,1552019,0.699028814,1084906
TAMIL NADU,SRIPERUMBUDUR,2253448,0.624444407,1407152
TAMIL NADU,TENKASI,1492317,0.714330802,1066008
TAMIL NADU,THANJAVUR,1461052,0.725540227,1060052
TAMIL NADU,THENI,1561040,0.752708451,1175008
TAMIL NADU,THIRUVALLUR,1946870,0.723348246,1408264
TAMIL NADU,THOOTHUKKUDI,1427783,0.694760338,991967
TAMIL NADU,TIRUCHIRAPPALLI,1508963,0.695032946,1048778
TAMIL NADU,TIRUNELVELI,1547800,0.672173407,1040389
TAMIL NADU,TIRUPPUR,1530014,0.732080229,1120092
TAMIL NADU,TIRUVANNAMALAI,1473862,0.781478185,1151790
TAMIL NADU,VILUPPURAM,1444335,0.786588984,1136097
TAMIL NADU,VIRUDHUNAGAR,1484256,0.724892471,1075926
TELANGANA,ADILABAD,1489790,0.71417918,1063977
TELANGANA,BHONGIR,1628033,0.744933917,1212776
TELANGANA,CHEVELLA,2443112,0.532516724,1300997
TELANGANA,HYDERABAD,1957931,0.448402421,877941
TELANGANA,KARIMNAGAR,1651543,0.695229249,1148200
TELANGANA,KHAMMAM,1513809,0.752966854,1139847
TELANGANA,MAHABUBABAD,1424385,0.690618758,983706
TELANGANA,MAHBUBNAGAR,1506102,0.653851466,984766
TELANGANA,MALKAJGIRI,3150313,0.496346236,1563645
TELANGANA,MEDAK,1603318,0.717469024,1150330
TELANGANA,NAGARKURNOOL,1588111,0.623314743,989892
TELANGANA,NALGONDA,1585980,0.741487282,1175984
TELANGANA,NIZAMABAD,1553385,0.684429166,1063181
TELANGANA,PEDDAPALLE,1479091,0.655919751,970165
TELANGANA,SECUNDRABAD,1968276,0.465007448,915263
TELANGANA,WARANGAL,1666770,0.636963708,1061672
TELANGANA,ZAHIRABAD,1498666,0.696955826,1044503
TRIPURA,TRIPURA EAST,1261861,0.829031882,1046122
TRIPURA,TRIPURA WEST,1352857,0.819323107,1108426
UTTAR PRADESH,AGRA,1937690,0.591234408,1145629
UTTAR PRADESH,AKBARPUR,1766121,0.581292561,1026632
UTTAR PRADESH,ALIGARH,1887127,0.616784138,1163950
UTTAR PRADESH,ALLAHABAD,1716160,0.518339199,889552
UTTAR PRADESH,AMBEDKAR NAGAR,1785657,0.610763993,1090615
UTTAR PRADESH,AMETHI,1743515,0.540836184,942955
UTTAR PRADESH,AMROHA,1646435,0.710476879,1169754
UTTAR PRADESH,AONLA,1785605,0.589661207,1052901
UTTAR PRADESH,AZAMGARH,1789168,0.575572557,1029796
UTTAR PRADESH,BADAUN,1891576,0.57173172,1081473
UTTAR PRADESH,BAGHPAT,1616476,0.646843504,1045607
UTTAR PRADESH,BAHRAICH,1729908,0.572367432,990142
UTTAR PRADESH,BALLIA,1822625,0.543485906,990570
UTTAR PRADESH,BANDA,1702024,0.60804783,1034911
UTTAR PRADESH,BANSGAON,1751258,0.553763637,969783
UTTAR PRADESH,BARABANKI,1816830,0.636112349,1155707
UTTAR PRADESH,BAREILLY,1797655,0.594639127,1068956
UTTAR PRADESH,BASTI,1845223,0.571855543,1055200
UTTAR PRADESH,BHADOHI,1942514,0.53531815,1039862
UTTAR PRADESH,BIJNOR,1664125,0.662189439,1101965
UTTAR PRADESH,BULANDSHAHR,1787925,0.629221024,1124999
UTTAR PRADESH,CHANDAULI,1756837,0.618266236,1086192
UTTAR PRADESH,DEORIA,1754195,0.578952739,1015596
UTTAR PRADESH,DHAURAHRA,1644674,0.646908141,1063953
UTTAR PRADESH,DOMARIYAGANJ,1885433,0.522601439,985329
UTTAR PRADESH,ETAH,1621295,0.617008009,1000351
UTTAR PRADESH,ETAWAH,1757984,0.58522205,1028811
UTTAR PRADESH,FAIZABAD,1821785,0.596898097,1087419
UTTAR PRADESH,FARRUKHABAD,1708585,0.587176523,1003241
UTTAR PRADESH,FATEHPUR,1839312,0.567869399,1044488
UTTAR PRADESH,FATEHPUR SIKRI,1718837,0.604164327,1038460
UTTAR PRADESH,FIROZABAD,1790510,0.601266678,1076574
UTTAR PRADESH,GAUTAM BUDDHA NAGAR,2302960,0.604934953,1393140
UTTAR PRADESH,GHAZIABAD,2728978,0.558852801,1525096
UTTAR PRADESH,GHAZIPUR,1881077,0.588756866,1107496
UTTAR PRADESH,GHOSI,1991651,0.573132542,1141479
UTTAR PRADESH,GONDA,1770248,0.522030247,924122
UTTAR PRADESH,GORAKHPUR,1981197,0.5980854,1184925
UTTAR PRADESH,HAMIRPUR (UP),1749100,0.623194214,1090029
UTTAR PRADESH,HARDOI,1807119,0.585377609,1057846
UTTAR PRADESH,HATHRAS,1864320,0.617630557,1151460
UTTAR PRADESH,JALAUN,1933358,0.584861159,1130746
UTTAR PRADESH,JAUNPUR,1867976,0.557733611,1041832
UTTAR PRADESH,JHANSI,2040739,0.676779343,1381130
UTTAR PRADESH,KAIRANA,1666703,0.674513096,1124212
UTTAR PRADESH,KAISERGANJ,1805946,0.543938191,982322
UTTAR PRADESH,KANNAUJ,1874824,0.608582459,1140985
UTTAR PRADESH,KANPUR,1632983,0.516489761,843419
UTTAR PRADESH,KAUSHAMBI,1787120,0.545591231,975036
UTTAR PRADESH,KHERI,1770699,0.641990536,1136771
UTTAR PRADESH,KUSHI NAGAR,1761564,0.597939672,1053309
UTTAR PRADESH,LALGANJ,1751980,0.548558774,961064
UTTAR PRADESH,LUCKNOW,2040367,0.5477593,1117630
UTTAR PRADESH,MACHHLISHAHR,1848306,0.560194037,1035409
UTTAR PRADESH,MAHARAJGANJ (UP),1915408,0.640711535,1227224
UTTAR PRADESH,MAINPURI,1723236,0.567688349,978260
UTTAR PRADESH,MATHURA,1807893,0.610835376,1104325
UTTAR PRADESH,MEERUT,1892931,0.642886613,1216939
UTTAR PRADESH,MIRZAPUR,1845150,0.601067122,1109059
UTTAR PRADESH,MISRIKH,1796932,0.571742281,1027381
UTTAR PRADESH,MOHANLALGANJ,2023431,0.627933446,1270580
UTTAR PRADESH,MORADABAD,1958939,0.654571174,1282265
UTTAR PRADESH,MUZAFFARNAGAR,1698003,0.684200205,1161773
UTTAR PRADESH,NAGINA,1586117,0.636639668,1009784
UTTAR PRADESH,PHULPUR,2010477,0.486987417,979077
UTTAR PRADESH,PILIBHIT,1761207,0.674097366,1187225
UTTAR PRADESH,PRATAPGARH,1708759,0.535627903,915258
UTTAR PRADESH,RAE BARELI,1702248,0.563385594,959021
UTTAR PRADESH,RAMPUR,1679506,0.631875087,1061238
UTTAR PRADESH,ROBERTSGANJ,1723538,0.573705947,988803
UTTAR PRADESH,SAHARANPUR,1739082,0.708671586,1232437
UTTAR PRADESH,SALEMPUR,1667282,0.554255969,924101
UTTAR PRADESH,SAMBHAL,1828764,0.647315892,1183788
UTTAR PRADESH,SANT KABIR NAGAR,1962903,0.542016085,1063924
UTTAR PRADESH,SHAHJAHANPUR,2114201,0.561504322,1187132
UTTAR PRADESH,SHRAWASTI,1914739,0.520770194,997139
UTTAR PRADESH,SITAPUR,1666126,0.639340602,1065221
UTTAR PRADESH,SULTANPUR,1775196,0.563748454,1000764
UTTAR PRADESH,UNNAO,2191465,0.564714015,1237550
UTTAR PRADESH,VARANASI,1856791,0.571323859,1060828
UTTARAKHAND,ALMORA,1337808,0.523099727,699807
UTTARAKHAND,GARHWAL,1355796,0.551721645,748022
UTTARAKHAND,HARDWAR,1840738,0.691783948,1273392
UTTARAKHAND,NAINITAL-UDHAMSINGH NAGAR,1828433,0.689667054,1261010
UTTARAKHAND,TEHRI GARHWAL,1493543,0.588655968,879182
WEST BENGAL,ALIPURDUARS,1648383,0.837897503,1381176
WEST BENGAL,ARAMBAGH,1764726,0.834385621,1472461
WEST BENGAL,ASANSOL,1615865,0.766246561,1238150
WEST BENGAL,BAHARAMPUR,1638378,0.794098187,1301033
WEST BENGAL,BALURGHAT,1431704,0.836930679,1198237
WEST BENGAL,BANGAON,1704632,0.826367803,1408653
WEST BENGAL,BANKURA,1648906,0.832458005,1372644
WEST BENGAL,BARASAT,1718252,0.812566492,1396193
WEST BENGAL,BARDHAMAN DURGAPUR,1733578,0.826723113,1433189
WEST BENGAL,BARDHAMAN PURBA,1698089,0.847778297,1439603
WEST BENGAL,BARRACKPORE,1436431,0.769058173,1104698
WEST BENGAL,BASIRHAT,1678357,0.854269384,1433769
WEST BENGAL,BIRBHUM,1699219,0.853396766,1450107
WEST BENGAL,BISHNUPUR,1627199,0.873397169,1421191
WEST BENGAL,BOLPUR,1705073,0.857399654,1461929
WEST BENGAL,COOCH BEHAR,1814200,0.840836732,1525445
WEST BENGAL,DARJEELING,1611317,0.787967855,1269665
WEST BENGAL,DIAMOND HARBOUR,1719190,0.81978897,1409372
WEST BENGAL,DUM DUM,1566196,0.769185338,1204694
WEST BENGAL,GHATAL,1800002,0.827409081,1489338
WEST BENGAL,HOOGHLY,1766601,0.825672577,1458633
WEST BENGAL,HOWRAH,1633925,0.748325657,1222707
WEST BENGAL,JADAVPUR,1816857,0.791082072,1437282
WEST BENGAL,JALPAIGURI,1735464,0.865116764,1501379
WEST BENGAL,JANGIPUR,1616213,0.807213529,1304629
WEST BENGAL,JAYNAGAR,1648355,0.8228725,1356386
WEST BENGAL,JHARGRAM,1641868,0.857091435,1407230
WEST BENGAL,KANTHI,1660147,0.858337244,1424966
WEST BENGAL,KOLKATA DAKSHIN,1728851,0.698195507,1207075
WEST BENGAL,KOLKATA UTTAR,1444082,0.658299875,950639
WEST BENGAL,KRISHNANAGAR,1631698,0.837533048,1366601
WEST BENGAL,MALDAHA DAKSHIN,1575590,0.81237949,1279977
WEST BENGAL,MALDAHA UTTAR,1685955,0.803916475,1355367
WEST BENGAL,MATHURAPUR,1652096,0.848630467,1402019
WEST BENGAL,MEDINIPUR,1674236,0.842366906,1410320
WEST BENGAL,MURSHIDABAD,1725187,0.842918478,1454192
WEST BENGAL,PURULIA,1645884,0.823788918,1355860
WEST BENGAL,RAIGANJ,1601220,0.798188881,1278076
WEST BENGAL,RANAGHAT,1762252,0.84255657,1484797
WEST BENGAL,SRERAMPUR,1785472,0.785371599,1402259
WEST BENGAL,TAMLUK,1694646,0.853830239,1446939
WEST BENGAL,ULUBERIA,1614988,0.811845042,1311120
